order_id,order_date,region,city,category,sub_category,product,customer_segment,sales,profit,discount,quantity
1001,2024-06-25,South,Bengaluru,Office Supplies,Paper,Paper,Home Office,1347.0,105.64,0.05,9
1002,2024-03-23,North,Chandigarh,Office Supplies,Paper,Paper,Home Office,1922.9,483.03,0.2,6
1003,2024-09-22,South,Bengaluru,Office Supplies,Pen,Pen,Consumer,2621.74,110.61,0.15,8
1004,2024-07-12,South,Bengaluru,Furniture,Chair,Chair,Corporate,1911.78,452.92,0.2,6
1005,2024-04-06,North,Chandigarh,Technology,Laptop,Laptop,Consumer,2649.18,407.22,0.05,1
1006,2024-04-16,South,Chennai,Technology,Laptop,Laptop,Consumer,3880.93,735.78,0.0,9
1007,2024-06-22,South,Chennai,Office Supplies,Paper,Paper,Consumer,1178.91,134.89,0.2,2
1008,2024-09-30,West,Pune,Technology,Laptop,Laptop,Corporate,2379.09,407.41,0.0,4
1009,2024-05-06,West,Mumbai,Furniture,Table,Table,Home Office,1468.68,123.62,0.15,4
1010,2024-02-11,East,Kolkata,Technology,Phone,Phone,Consumer,1361.16,90.15,0.1,4
1011,2024-01-14,South,Chennai,Technology,Laptop,Laptop,Home Office,4019.57,412.44,0.05,8
1012,2024-01-28,West,Pune,Technology,Phone,Phone,Home Office,3686.5,326.98,0.15,7
1013,2024-08-19,East,Bhubaneswar,Office Supplies,Paper,Paper,Corporate,1816.43,150.84,0.2,7
1014,2024-12-09,South,Chennai,Office Supplies,Pen,Pen,Consumer,2973.86,416.33,0.2,3
1015,2024-11-07,East,Kolkata,Technology,Laptop,Laptop,Home Office,1539.35,248.34,0.2,10
1016,2024-03-16,North,Delhi,Office Supplies,Paper,Paper,Consumer,4998.79,438.55,0.2,3
1017,2024-01-19,East,Kolkata,Office Supplies,Paper,Paper,Corporate,1102.39,70.06,0.05,2
1018,2024-10-15,South,Bengaluru,Office Supplies,Paper,Paper,Corporate,2950.72,787.42,0.15,3
1019,2024-02-08,South,Bengaluru,Office Supplies,Paper,Paper,Consumer,2704.44,491.61,0.1,10
1020,2024-01-27,East,Bhubaneswar,Furniture,Chair,Chair,Home Office,729.25,65.52,0.2,7
1021,2024-08-19,North,Delhi,Office Supplies,Pen,Pen,Corporate,1295.03,118.72,0.1,10
1022,2024-09-27,South,Bengaluru,Technology,Laptop,Laptop,Consumer,1511.75,304.16,0.05,8
1023,2024-06-11,West,Pune,Technology,Laptop,Laptop,Corporate,2074.44,383.22,0.05,3
1024,2024-03-19,North,Chandigarh,Technology,Phone,Phone,Corporate,1847.31,407.85,0.05,3
1025,2024-04-22,West,Pune,Technology,Laptop,Laptop,Home Office,1968.8,453.78,0.05,5
1026,2024-04-04,West,Mumbai,Technology,Laptop,Laptop,Home Office,1611.97,118.7,0.0,5
1027,2024-11-29,South,Bengaluru,Furniture,Chair,Chair,Consumer,4613.85,547.37,0.2,3
1028,2024-10-09,West,Mumbai,Office Supplies,Pen,Pen,Consumer,3229.79,780.71,0.15,1
1029,2024-07-12,West,Pune,Technology,Laptop,Laptop,Home Office,1512.8,211.46,0.15,10
1030,2024-01-04,West,Mumbai,Furniture,Table,Table,Corporate,1998.1,122.33,0.15,10
1031,2024-07-09,South,Bengaluru,Furniture,Table,Table,Corporate,4907.51,672.87,0.1,7
1032,2024-09-16,North,Chandigarh,Furniture,Table,Table,Home Office,2585.1,320.89,0.1,3
1033,2024-05-20,East,Bhubaneswar,Furniture,Chair,Chair,Home Office,4522.25,996.31,0.0,8
1034,2024-06-28,West,Mumbai,Technology,Laptop,Laptop,Consumer,230.48,59.99,0.0,2
1035,2024-08-20,West,Mumbai,Technology,Phone,Phone,Home Office,263.99,12.96,0.1,2
1036,2024-12-11,North,Delhi,Office Supplies,Paper,Paper,Corporate,4238.56,282.81,0.0,10
1037,2024-10-30,East,Kolkata,Technology,Laptop,Laptop,Home Office,532.32,43.29,0.1,3
1038,2024-05-31,West,Mumbai,Technology,Laptop,Laptop,Home Office,3482.07,954.3,0.0,9
1039,2024-07-23,East,Bhubaneswar,Furniture,Chair,Chair,Consumer,1455.53,245.45,0.05,5
1040,2024-04-09,West,Pune,Office Supplies,Paper,Paper,Corporate,787.24,191.06,0.15,1
1041,2024-06-11,South,Chennai,Office Supplies,Paper,Paper,Corporate,1907.86,524.67,0.1,8
1042,2024-12-12,East,Kolkata,Technology,Laptop,Laptop,Home Office,1947.85,335.52,0.2,1
1043,2024-07-01,West,Pune,Office Supplies,Pen,Pen,Corporate,419.17,110.73,0.0,10
1044,2024-02-14,East,Bhubaneswar,Office Supplies,Paper,Paper,Consumer,2524.6,512.96,0.1,3
1045,2024-08-28,South,Bengaluru,Office Supplies,Pen,Pen,Consumer,2046.6,268.12,0.15,4
1046,2024-11-30,West,Mumbai,Technology,Phone,Phone,Corporate,1614.02,340.14,0.1,5
1047,2024-03-25,West,Pune,Office Supplies,Pen,Pen,Consumer,602.88,157.09,0.05,6
1048,2024-04-03,West,Mumbai,Technology,Phone,Phone,Home Office,4476.87,1217.25,0.0,6
1049,2024-05-28,East,Kolkata,Furniture,Chair,Chair,Home Office,2705.98,453.12,0.15,1
1050,2024-03-18,North,Delhi,Office Supplies,Paper,Paper,Consumer,4359.06,542.66,0.05,7
1051,2024-01-19,North,Chandigarh,Technology,Phone,Phone,Home Office,3326.96,374.6,0.0,10
1052,2024-04-10,West,Mumbai,Furniture,Table,Table,Home Office,1893.76,242.66,0.05,5
1053,2024-07-07,East,Kolkata,Technology,Laptop,Laptop,Corporate,529.44,128.32,0.0,4
1054,2024-03-27,South,Chennai,Furniture,Chair,Chair,Consumer,3515.16,518.88,0.0,10
1055,2024-05-28,West,Pune,Furniture,Table,Table,Corporate,2447.23,389.45,0.15,1
1056,2024-04-21,South,Chennai,Technology,Phone,Phone,Consumer,3358.3,322.87,0.15,7
1057,2024-11-12,South,Bengaluru,Furniture,Chair,Chair,Consumer,178.99,27.95,0.05,7
1058,2024-10-28,South,Bengaluru,Furniture,Table,Table,Consumer,2062.97,111.47,0.0,2
1059,2024-11-05,South,Chennai,Office Supplies,Pen,Pen,Corporate,3920.39,327.9,0.05,1
1060,2024-07-28,East,Bhubaneswar,Technology,Phone,Phone,Consumer,4257.77,443.83,0.0,4
1061,2024-07-21,South,Chennai,Technology,Laptop,Laptop,Consumer,690.36,149.06,0.2,4
1062,2024-01-18,South,Chennai,Furniture,Chair,Chair,Consumer,4761.69,407.35,0.0,6
1063,2024-03-11,North,Delhi,Office Supplies,Paper,Paper,Home Office,764.87,86.39,0.2,6
1064,2024-05-05,North,Delhi,Technology,Laptop,Laptop,Consumer,3330.85,945.13,0.15,10
1065,2024-07-08,North,Chandigarh,Furniture,Chair,Chair,Consumer,1723.67,176.72,0.2,8
1066,2024-02-25,North,Chandigarh,Office Supplies,Pen,Pen,Consumer,2672.01,246.8,0.1,9
1067,2024-10-16,South,Chennai,Furniture,Chair,Chair,Consumer,2879.93,629.71,0.2,10
1068,2024-01-04,North,Delhi,Furniture,Table,Table,Consumer,514.79,126.94,0.2,10
1069,2024-08-30,West,Mumbai,Technology,Phone,Phone,Consumer,3515.51,202.42,0.2,3
1070,2024-12-04,East,Kolkata,Technology,Laptop,Laptop,Corporate,1796.59,340.93,0.0,7
1071,2024-02-11,West,Mumbai,Technology,Laptop,Laptop,Home Office,2952.71,649.24,0.2,10
1072,2024-03-09,South,Chennai,Technology,Phone,Phone,Home Office,1154.49,283.32,0.15,7
1073,2024-09-27,East,Kolkata,Technology,Phone,Phone,Corporate,2701.07,353.59,0.0,1
1074,2024-12-26,North,Delhi,Office Supplies,Paper,Paper,Corporate,3815.95,924.31,0.2,4
1075,2024-10-04,East,Bhubaneswar,Technology,Phone,Phone,Home Office,3497.59,444.81,0.05,1
1076,2024-11-17,South,Bengaluru,Office Supplies,Pen,Pen,Consumer,302.77,55.17,0.15,6
1077,2024-01-14,East,Kolkata,Technology,Phone,Phone,Consumer,889.38,255.15,0.0,1
1078,2024-05-26,West,Pune,Technology,Phone,Phone,Corporate,4555.21,712.44,0.0,3
1079,2024-06-05,East,Kolkata,Office Supplies,Pen,Pen,Corporate,3849.34,335.41,0.05,10
1080,2024-11-29,South,Bengaluru,Furniture,Table,Table,Corporate,1593.95,329.91,0.05,4
1081,2024-09-21,West,Mumbai,Office Supplies,Paper,Paper,Home Office,4312.59,1256.79,0.05,7
1082,2024-02-08,West,Pune,Furniture,Table,Table,Corporate,1357.77,350.05,0.2,5
1083,2024-10-28,West,Mumbai,Furniture,Table,Table,Corporate,1422.34,348.49,0.1,1
1084,2024-03-19,East,Bhubaneswar,Office Supplies,Paper,Paper,Consumer,1133.58,121.73,0.0,2
1085,2024-03-10,South,Bengaluru,Furniture,Chair,Chair,Consumer,2997.89,371.2,0.2,4
1086,2024-10-20,North,Chandigarh,Office Supplies,Pen,Pen,Home Office,1800.3,399.22,0.05,1
1087,2024-01-17,East,Kolkata,Technology,Laptop,Laptop,Corporate,2776.04,273.11,0.0,1
1088,2024-10-26,East,Bhubaneswar,Furniture,Table,Table,Corporate,1949.77,498.91,0.0,8
1089,2024-01-19,West,Mumbai,Furniture,Table,Table,Home Office,803.23,228.68,0.0,5
1090,2024-04-06,East,Kolkata,Technology,Laptop,Laptop,Corporate,3178.48,329.31,0.0,7
1091,2024-02-03,West,Mumbai,Furniture,Table,Table,Corporate,4544.68,686.31,0.1,5
1092,2024-05-13,North,Chandigarh,Technology,Laptop,Laptop,Corporate,2117.92,472.19,0.2,5
1093,2024-01-30,South,Bengaluru,Technology,Phone,Phone,Corporate,3506.92,414.02,0.05,7
1094,2024-11-21,West,Mumbai,Furniture,Table,Table,Home Office,3175.04,883.5,0.0,8
1095,2024-06-28,North,Chandigarh,Technology,Phone,Phone,Home Office,320.82,14.47,0.05,5
1096,2024-07-01,North,Chandigarh,Office Supplies,Pen,Pen,Home Office,1784.47,131.39,0.2,2
1097,2024-08-07,East,Kolkata,Furniture,Table,Table,Corporate,1687.79,324.71,0.15,3
1098,2024-09-14,East,Kolkata,Furniture,Chair,Chair,Home Office,2063.91,551.1,0.0,9
1099,2024-05-21,South,Chennai,Office Supplies,Pen,Pen,Home Office,2888.51,691.04,0.05,3
1100,2024-02-07,South,Bengaluru,Technology,Laptop,Laptop,Corporate,1697.63,399.55,0.1,1
